{
   "channel" : "/cam_right_front/csi_cam/image_raw/compressed",
   "distortion" : [
      -0.31331143617974599,
      0.099081153907299796,
      -0.00015207676432312799,
      0.0017885160247777801,
      -0.0143954609662025
   ],
   "image_size" : [ 1280, 720 ],
   "intrinsic" : [
      663.07528267678197,
      1.43175074167434,
      652.31668174254401,
      0,
      662.84755038341598,
      359.39918771817798,
      0,
      0,
      1
   ],
   "modality" : "camera",
   "rotation" : [
      -0.85080897808074951,
      -0.086019031703472137,
      0.51838672161102295,
      -0.52547121047973633,
      0.14305712282657623,
      -0.83869820833206177,
      -0.0020149096380919218,
      -0.98596930503845215,
      -0.16691480576992035
   ],
   "target" : "rslidar_points",
   "translation" : [ 0.64281868934631348, -0.94028556346893311, -0.68355995416641235 ],
   "undistort_distortion" : [
      -0.0683609394212258,
      0.056412559113634797,
      -0.000148699741636552,
      0.0122921006309284,
      -0.017863119168224698
   ],
   "undistort_intrinsic" : [
      639.74079971374704,
      1.4168477993214601,
      680.67027740415097,
      0,
      639.31167082843399,
      356.50775654216801,
      0,
      0,
      1
   ]
}
