{
   "channel" : "/cam_left_back/csi_cam/image_raw/compressed",
   "distortion" : [
      -0.33626215376231999,
      0.12974282950629301,
      -0.00017396986391203501,
      0.00018789466423222399,
      -0.0246037572917252
   ],
   "image_size" : [ 1280, 720 ],
   "intrinsic" : [
      640.04426756483895,
      -1.01332276606718,
      664.080676322861,
      0,
      640.00337176719802,
      374.80440537963301,
      0,
      0,
      1
   ],
   "modality" : "camera",
   "rotation" : [
      0.81514698266983032,
      -0.16700832545757294,
      -0.5546562671661377,
      0.50797688961029053,
      -0.25407299399375916,
      0.82304704189300537,
      -0.27837887406349182,
      -0.95265692472457886,
      -0.12227049469947815
   ],
   "target" : "rslidar_points",
   "translation" : [ 0.68768620491027832, 1.019611120223999, -0.69848829507827759 ],
   "undistort_distortion" : [
      -0.026965143956190499,
      0.048825733115527702,
      -0.00096281441770121399,
      -0.00064884986583080295,
      -0.026047079431821999
   ],
   "undistort_intrinsic" : [
      639.59941985812202,
      -2.2851930931739899,
      663.29177852036798,
      0,
      639.59340540306005,
      375.41914492830603,
      0,
      0,
      1
   ]
}
