{
   "channel" : "/cam_left_front/csi_cam/image_raw/compressed",
   "distortion" : [
      -0.323204879975653,
      0.109809387244398,
      4.7515570249297403e-05,
      3.4865924989583903e-05,
      -0.017138517478377999
   ],
   "image_size" : [ 1280, 720 ],
   "intrinsic" : [
      645.71874422149199,
      0.333816147190866,
      662.56267943128898,
      0,
      645.58715180654701,
      371.53504640577,
      0,
      0,
      1
   ],
   "modality" : "camera",
   "rotation" : [
      0.6555483341217041,
      -0.11669144034385681,
      0.74608272314071655,
      -0.75510996580123901,
      -0.090713798999786377,
      0.64929193258285522,
      -0.0080868201330304146,
      -0.98901677131652832,
      -0.14758215844631195
   ],
   "target" : "rslidar_points",
   "translation" : [ 0.69874775409698486, 0.91166520118713379, -0.67664891481399536 ],
   "undistort_distortion" : [
      -0.047778598859694502,
      0.061730324674395702,
      0.00132644918096761,
      -0.0024471751852586602,
      -0.026568028965255799
   ],
   "undistort_intrinsic" : [
      635.68756962775001,
      1.1079940913122399,
      658.59636839811606,
      0,
      635.62100768871596,
      376.82499963083399,
      0,
      0,
      1
   ]
}
