{
   "channel" : "/cam_back/csi_cam/image_raw/compressed",
   "distortion" : [
      -0.31617716291442299,
      0.101950278273172,
      8.9813454425037505e-05,
      -6.6185019954866295e-05,
      -0.0151058357047504
   ],
   "image_size" : [ 1280, 720 ],
   "intrinsic" : [
      652.99286015567998,
      0.68028317273185002,
      621.08171453598095,
      0,
      653.73910971410396,
      347.789267203924,
      0,
      0,
      1
   ],
   "modality" : "camera",
   "rotation" : [
      0.063136428594589233,
      0.032872579991817474,
      -0.9974634051322937,
      0.99800223112106323,
      0.00020834393217228353,
      0.063177399337291718,
      0.0022846194915473461,
      -0.99945956468582153,
      -0.032793760299682617
   ],
   "target" : "rslidar_points",
   "translation" : [ -2.5868589878082275, 0.086133606731891632, -0.91551131010055542 ],
   "undistort_distortion" : [
      -0.063664632286539805,
      0.060918468153178702,
      -0.00076575482226763701,
      0.00027068839609237401,
      -0.020930864304698399
   ],
   "undistort_intrinsic" : [
      630.68574903661499,
      0.60859115883557502,
      617.04121440081599,
      0,
      631.00717873583596,
      350.48122956005301,
      0,
      0,
      1
   ]
}
