{
   "channel" : "/cam_right_back/csi_cam/image_raw/compressed",
   "distortion" : [
      -0.31550126758695701,
      0.103160828737863,
      -0.00078356219297744502,
      -0.00080395465005608996,
      -0.015859826931001301
   ],
   "image_size" : [ 1280, 720 ],
   "intrinsic" : [
      655.428890343322,
      -1.77131108100596,
      665.89389517602103,
      0,
      655.92419344210998,
      364.65261285358201,
      0,
      0,
      1
   ],
   "modality" : "camera",
   "rotation" : [
      -0.64813357591629028,
      -0.15880347788333893,
      -0.74478483200073242,
      0.71216374635696411,
      0.21999324858188629,
      -0.66665273904800415,
      0.26971438527107239,
      -0.96248859167098999,
      -0.029490943998098373
   ],
   "target" : "rslidar_points",
   "translation" : [ 0.56270623207092285, -1.025408148765564, -0.67886972427368164 ],
   "undistort_distortion" : [
      -0.065969904220192402,
      0.059945535325870901,
      -0.0013353611509229399,
      -0.0027688105890014102,
      -0.021544662954791498
   ],
   "undistort_intrinsic" : [
      636.40228858614296,
      -2.1360723851492098,
      659.53724643966098,
      0,
      635.96164090240904,
      364.338148821358,
      0,
      0,
      1
   ]
}
