{
   "channel" : "/cam_front_center/csi_cam/image_raw/compressed",
   "distortion" : [
      -0.56613575212554401,
      0.34309091757999899,
      -0.00030050042302677202,
      0.00039669635876701402,
      -0.124362451069957
   ],
   "image_size" : [ 1280, 720 ],
   "intrinsic" : [
      1302.2941946138601,
      -2.0750890681360898,
      681.13462003926202,
      0,
      1303.16138394276,
      387.60604911482329,
      0,
      0,
      1
   ],
   "modality" : "camera",
   "rotation" : [
      -0.022775532677769661,
      -0.0045049944892525673,
      0.99973046779632568,
      -0.99971854686737061,
      0.0067506944760680199,
      -0.022744841873645782,
      -0.0066464091651141644,
      -0.99996709823608398,
      -0.0046574771404266357
   ],
   "target" : "rslidar_points",
   "translation" : [ 0.70797479152679443, 0.065183602273464203, -0.52005821466445923 ],
   "undistort_distortion" : [
      0.024725743572600101,
      -0.234220239179603,
      -0.00048773122601924698,
      -0.000138254467059906,
      0.65907567117974697
   ],
   "undistort_intrinsic" : [
      1304.19239626688,
      -9.2511088148112499,
      666.35700381237098,
      0,
      1304.2537088024401,
      394.11634596029199,
      0,
      0,
      1
   ]
}
