{
   "channel" : "CAM_FRONT",
   "distortion" : [
      -0.34844749501167099,
      -0.198842589517704,
      0.00069347697277732001,
      -0.000184114522335799,
      0.48225268520605802
   ],
   "image_size" : [ 1280, 720 ],
   "intrinsic" : [
      1263.10816461628,
      0.26023940247861399,
      640.63147016159303,
      0,
      1262.9594163802501,
      356.63434729563301,
      0,
      0,
      1
   ],
   "modality" : "camera",
   "rotation" : [
      0.022483750403388587,
      -0.0047711196375092068,
      0.99973582379806836,
      -0.99974492066407061,
      0.0020320423319600866,
      0.022493652668070428,
      -0.0021388254226988299,
      -0.99998655352027854,
      -0.0047242146908798421
   ],
   "target" : "rslidar_points",
   "translation" : [ -0.02333049232186872, -0.15843959717911738, -0.0036272711076362407 ],
   "undistort_distortion" : [
      0.029169199780028601,
      -0.199196274203819,
      -0.000184057940889004,
      0.00038384245666993197,
      0.38513898535375002
   ],
   "undistort_intrinsic" : [
      1264.6475316533599,
      0.440139053849191,
      643.87210194271199,
      0,
      1264.57860358162,
      357.22936342873697,
      0,
      0,
      1
   ]
}
