{
   "channel" : "CAM_RIGHT_BACK",
   "distortion" : [
      -0.33120040632341302,
      0.103714877979189,
      0.0004233978561010839,
      0.0022762655033219999,
      -0.014721494468163
   ],
   "image_size" : [ 1280, 720 ],
   "intrinsic" : [
      704.62892025356825,
      -1.9715002278657581,
      638.12577319962236,
      0,
      708.50514449405603,
      367.31815354042249,
      0,
      0,
      1
   ],
   "modality" : "camera",
   "rotation" : [
      -0.88136827177605392,
      -0.0043952035958110449,
      -0.47240941109576062,
      0.47202472161582165,
      0.033210551513636596,
      -0.88095954586556735,
      0.0195609736464748,
      -0.99943871320532296,
      -0.027196081638545505
   ],
   "target" : "rslidar_points",
   "translation" : [ 1.3952094814632987, -1.0082146710891473, -0.65157199283211742 ],
   "undistort_distortion" : [
      -0.090887458768509996,
      0.059747213173466998,
      0.0014673675873229999,
      0.0067165085277689999,
      -0.016807127047836001
   ],
   "undistort_intrinsic" : [
      662.80356759466861,
      -1.2519259941646319,
      656.00503753122996,
      0,
      662.82138615121789,
      369.52393623520902,
      0,
      0,
      1
   ]
}
