{
   "channel" : "CAM_LEFT_BACK",
   "distortion" : [
      -0.34442814102088698,
      0.11584541434236,
      -0.00085690601703204184,
      0.00074086661753773857,
      -0.01784197303648
   ],
   "image_size" : [ 1280, 720 ],
   "intrinsic" : [
      701.02319361425782,
      -0.61711926366987402,
      655.67562381615789,
      0,
      701.96545654710008,
      382.91653564588307,
      0,
      0,
      1
   ],
   "modality" : "camera",
   "rotation" : [
      0.86949679491143628,
      0.00098006650633561637,
      -0.49393761054244856,
      0.49378836456567826,
      -0.026385456989322917,
      0.86918171786975462,
      -0.012180913688773427,
      -0.99965136279060207,
      -0.023426015721818856
   ],
   "target" : "rslidar_points",
   "translation" : [ 1.3766677943957089, 0.92011402965098765, -0.75173921712739877 ],
   "undistort_distortion" : [
      -0.073172197061520006,
      0.066442844264875997,
      -0.001572324280797,
      0.001527385590168,
      -0.023200557633025001
   ],
   "undistort_intrinsic" : [
      674.6910979234201,
      -0.58915233435353997,
      660.47969279416827,
      0,
      674.60750668049866,
      380.91221211377172,
      0,
      0,
      1
   ]
}
