{
   "channel" : "CAM_LEFT_FRONT",
   "distortion" : [
      -0.34937710072557798,
      0.119869714636827,
      -0.0003236222398675339,
      0.00081691423457055197,
      -0.018924423974879999
   ],
   "image_size" : [ 1280, 720 ],
   "intrinsic" : [
      706.30321823741792,
      -0.147567580532077,
      624.33916834986246,
      0,
      704.95580956411754,
      378.1837230975836,
      0,
      0,
      1
   ],
   "modality" : "camera",
   "rotation" : [
      0.87000866362451501,
      -0.018421056775651725,
      0.49269218573624007,
      -0.49300357887878549,
      -0.020967210833730897,
      0.86977459567554793,
      -0.0056917862744953638,
      -0.99961044449181391,
      -0.027323301994513296
   ],
   "target" : "rslidar_points",
   "translation" : [ -2.1090148476896151, 0.83770511798752278, -0.76827249472891745 ],
   "undistort_distortion" : [
      -0.075912194806748004,
      0.071464503573880997,
      -0.0014580810824499999,
      0.0059634785740899999,
      -0.027448171638490001
   ],
   "undistort_intrinsic" : [
      672.31372558457144,
      0.68582368704913899,
      638.76933629373025,
      0,
      672.70733153078186,
      377.48524363737562,
      0,
      0,
      1
   ]
}
