{
   "channel" : "CAM_RIGHT_FRONT",
   "distortion" : [
      -0.35060307498748,
      0.119821143335904,
      -0.00044000459984467721,
      -0.0001064207299977287,
      -0.018704998989377001
   ],
   "image_size" : [ 1280, 720 ],
   "intrinsic" : [
      703.33212119935592,
      0.48877992426031203,
      652.2466090701007,
      0,
      703.88789638361868,
      366.94400061587419,
      0,
      0,
      1
   ],
   "modality" : "camera",
   "rotation" : [
      -0.86237726005890591,
      -0.0077313999385979215,
      0.50620715797811822,
      -0.50620126953504008,
      0.029181012793846235,
      -0.86192154121673903,
      -0.0081077774024566566,
      -0.99954424311648893,
      -0.029078686323102509
   ],
   "target" : "rslidar_points",
   "translation" : [ -2.1097231759874231, -1.0276256709425751, -0.64957485512732271 ],
   "undistort_distortion" : [
      -0.072358574765844993,
      0.070310400568638007,
      0.00043944884559584768,
      -0.00113014689732,
      -0.025848442159895998
   ],
   "undistort_intrinsic" : [
      670.9747769108609,
      1.0017274556032889,
      653.52926853577583,
      0,
      671.24594393833104,
      371.41372451350992,
      0,
      0,
      1
   ]
}
