{
   "channel" : "CAM_BACK",
   "distortion" : [
      -0.350607300614249,
      0.123743680433651,
      -0.0011953608642325099,
      0.00094748113721281405,
      -0.020597732728791701
   ],
   "image_size" : [ 1280, 720 ],
   "intrinsic" : [
      699.94199794066799,
      2.2049711630543598,
      640.52136390088504,
      0,
      702.67227131646996,
      361.52951593804102,
      0,
      0,
      1
   ],
   "modality" : "camera",
   "rotation" : [
      0.050016487439252348,
      0.017161167129085067,
      -0.9986009439846365,
      0.9986856550275649,
      -0.01206608469950869,
      0.049813372122238492,
      -0.011194347966875165,
      -0.99977992775549973,
      -0.017742114609161429
   ],
   "target" : "rslidar_points",
   "translation" : [ -2.4450491672536105, 0.084761710488148248, -0.3299288585881181 ],
   "undistort_distortion" : [
      -0.067113411537366705,
      0.063806716668749194,
      2.25954347339974e-05,
      0.0031161454152223802,
      -0.0243011678712685
   ],
   "undistort_intrinsic" : [
      672.90114944561799,
      3.5661429271079701,
      649.69565049077903,
      0,
      672.83045411786804,
      360.899822482194,
      0,
      0,
      1
   ]
}
